	PPV	NPV	Sens	Spec
INH	71.42857 5/7	inf 0/0	100.0 5/5	0.0 0/2
RIF	100.0 5/5	100.0 2/2	100.0 5/5	100.0 2/2
EMB	75.0 3/4	100.0 3/3	100.0 3/3	75.0 3/4
PZA	0.0 0/3	100.0 4/4	inf 0/0	57.14286 4/7
STR	71.42857 5/7	inf 0/0	100.0 5/5	0.0 0/2
CIP	inf 0/0	inf 0/0	inf 0/0	inf 0/0
MOX	100.0 1/1	100.0 2/2	100.0 1/1	100.0 2/2
OFX	0.0 0/1	100.0 4/4	inf 0/0	80.0 4/5
AMI	inf 0/0	100.0 5/5	inf 0/0	100.0 5/5
CAP	inf 0/0	100.0 5/5	inf 0/0	100.0 5/5
KAN	inf 0/0	inf 0/0	inf 0/0	inf 0/0
Common statistics	67.85714 19/28	100.0 25/25	100.0 19/19	73.52941 25/34

S	R	2 0 1 3 2 0 0 1 0 0 0 0 0
S	N	0 0 0 0 0 0 0 0 0 0 0 0 0
S	S	0 2 3 4 0 0 2 4 5 5 0 2 0
R	R	5 5 3 0 5 0 1 0 0 0 0 0 0
R	N	0 0 0 0 0 0 0 0 0 0 0 0 0
R	S	0 0 0 0 0 0 0 0 0 0 0 3 0
N	R	0 0 1 0 1 1 0 0 0 0 3 0 0
N	S	1 1 0 1 0 7 5 3 3 3 5 3 8
N	N	0 0 0 0 0 0 0 0 0 0 0 0 0
